text,label
blazing performance keyboard from Zenxel. noise-cancel got better this week!!!,1
laggy to the point of useless Zenxel earbuds. delivery feels terrible. pakka earbuds delivery earbuds delivery delivery earbuds Zenxel earbuds earbuds delivery earbuds delivery,0
honestly firmware maade it wores MangoByet fitneess band ‚Äî wifi is great!? wifi wfi MangoByte wifi MangoByte wfi wifi fitness band fitness band MangoByte MangoByte wifi wiffi fitness band MngoByte fitness band,0
does not work monitor from DeviLabs. charging got better out of the box.,0
frankly SkyLeaf e-bike: fantastic experience; esp. latency!! latency SkyLeaf latency latency SkyLeaf latency,1
tbh battery life is amazing JaguarX fitness band ‚Äî stability is bad. #deal JaguarX fitness band JaguarX stability stability stability stability fitness band,1
to be fair SkyLeaf update: impressive results; esp. gps. gps gps SkyLeaf update update gps gps gps SkyLeaf,1
superb quality JaguarX keyboard. design feels amazing‚Ä¶ design keyboard keyboard keyboard design JaguarX keyboard keyboard design keyboard design design,1
highly recommend NovaCore update. battery feels ok. batteery NovaCore battery update update upadte NovaCore btatery NovaCore btatery battery udate batterry,1
tbh waste of money DeviLabs camera ‚Äî heart-rate is bad. yaar DeviLabs DeviLabs camera camera DeviLabs heart-rate heart-rate DeviLabs DeviLabs DeviLabs heart-rate,0
honestly audio is muffled Zenxel streaming stick ‚Äî delivery is bad!?,0
returned it the next day MangoByte monitor. noise-cancel feels ok. noise-cancel MangoByte MangoByte MangoByte monitor monitor noise-cancel,0
SkyLeaf e-bike: really disappointed; esp. bluetooth‚Ä¶ e-bike SkyLeaf bluetooth bluetooth SkyLeaf e-bike bluetooth,0
poor quality JaguarX power bank. stability feels ok. üò° stabiility JaguarX JaguarX power bank JauarX power bank JaguarX stability JaguuarX,0
frankly PineLabs e-bike: worth every rupee; esp. noise-cancel. PineLabs noise-cancel noise-cancel noise-cancel e-bike noise-cancel PineLabs PineLabs noise-cancel e-bike PineLabs PineLabs noise-cancel noise-cancel noise-cancel e-bike noise-cancel e-bike,1
poor quality PineLabs earbuds ‚Äî noise-cancel is terrible. earbuds earbuds PineLabs PineLabs PineLabs earbuds earbuds,0
buggy and slow app from MangoByte. pairing got better out of the box. MangoByte pairing pairing MangoByte MangoByte,0
honestly user-friendly and fast SkyLeaf app ‚Äî latency is amazing!! #scam,1
frankly ByteWorks camera: setup was effortless; esp. packaging.,1
honestly five stars NovaCore update ‚Äî build is ok. build update update update,1
support never replied router from NovaCore. delivery got better for the price!? delivery delivery router router delivery router delivery delivery NovaCore,0
seamless integration SkyLeaf fitness band. battery feels amazing. SkyLeaf,1
awful build headphoens from ByteWorks. microphone got better out of the boxx. headphones microphone ByteWorks headphnoes,0
tbh OrionTech streaming stick: cheap materials; esp. battery!,0
impressive results smartwatch from PineLabs. heart-rate got better for the price. smartwatch smartwatch PineLabs heart-rate PineLabs heart-rate PineLabs PineLabs,1
overall JaguarX headphones: battery drains fast; esp. bluetooth. JaguarX bluetooth JaguarX headphones JaguarX,0
frankly MangoByte keyboard: a big letdown; esp. delivery. ü™´ keyboard keyboard delivery keyboard MangoByte,0
cheap materials router from Banyan. microphone got better out of the box. Banyan Banyan Banyan router microphone Banyan router router Banyan Banyan Banyan,0
tbh Banyan earbuds: rock solid; esp. keyboard‚Ä¶ earbuds keyboard keyboard keyboard Banyan Banyan,1
frankly waste of money MangoByte app ‚Äî stability is great. app stability app stability stability stability app stability stability stability MangoByte stability MangoByte MangoByte stability,0
battery life is amazing fitness band from SkyeLaf. battery got better !? SkyyLeaf SyLeaf SykLeaf battry batetry,1
poor quality printer from SkyLeaf. wifi got better for the price!! wifi printer wifi wifi wifi SkyLeaf SkyLeaf,0
franly Banyan router: higghly recmomend; esp. bluetooth!! blluetooth router router Banyan router Banyan bluetooth Banyan bluetooht Baynan bluetoth Bannyan Banyan Banyan Banyan Banyna buletooth router,1
frankly works like a charm SkyLeaf drone ‚Äî charging is ok. charging,1
audio is muffled OrionTech earbuds. wifi feels bad. earbuds OrionTech earbuds,0
to be fair Acme keyboard: works like a charm; esp. pairing!!,1
sound is crisp and clear PineLabs graphics card. keyboard feels great. PineLabs keyboard keyboard graphics card graphics card,1
to be fair sound is crisp and clear Acme graphics card ‚Äî heart-rate is ok. heart-rate Acme Acme graphics card graphics card heart-rate heart-rate graphics card,1
to be fair updates keep improving it MangoByte graphics card ‚Äî firmware is solid. graphics card MangoByte graphics card,1
overall latency is near zero Banyan e-bike ‚Äî latency is bad!!!,1
docs are outdated NovaCore keyboard. build feels ok. yaar NovaCore build build build NovaCore build NovaCore NovaCore keyboard build keyboard NovaCore build NovaCore NovaCore keyboard NovaCore NovaCore build,0
frankly BluePeak fitness band: really disappointed; esp. charging. ü•¥,0
to be fair beats the competitino Acme powwer bank ‚Äî pairing is amazing. pakka,1
frankly MangoByte graphics card: firmware made it worse; esp. firmware. MangoByte firmware MangoByte MangoByte graphics card firmware MangoByte firmware MangoByte firmware firmware firmware firmware firmware graphics card,0
never again action cam from BluePeak. delivery got better after the latest patch. #worthit,0
false advertising tablet from Banyan. wifi got better . Banyan wifi tablet tablet tablet,0
exceeded my expectations SkyLeaf laptop. charging feels amazing. SkyLeaf laptop SkyLeaf charging laptop SkyLeaf laptop SkyLeaf SkyLeaf charging laptop laptop laptop SkyLeaf,1
updates keep improving it graphics card from Acme. wifi got better on sale. graphics card Acme,1
seutp was effortless cameera from SkyLeaf. wiffi got better on sale. wifi SkyLeaaf camera camera camera wfii wifi wifi SykLeaf,1
DeviLabs printer: beats the competition; esp. wifi. printer wifi printer wifi wifi wifi DeviLabs wifi,1
tbh BluePeak action cam: exceeded my expectations; esp. bluetooth. üöÄ action cam BluePeak BluePeak BluePeak bluetooth bluetooth action cam action cam action cam BluePeak bluetooth bluetooth,1
highly recommend PineLabs action cam. wifi feels terrible. action cam,1
tbh firmware made it worse OrionTech laptop ‚Äî pairing is ok!! #deal https://example.com,0
waste of money OrionTech keyboard. delivery feels ok!!! keyboard delivery keyboard delivery delivery OrionTech delivery keyboard OrionTech keyboard delivery delivery OrionTech OrionTech delivery keyboard OrionTech keyboard keyboard,0
great value for money printer from Banyan. noise-cancel got better for the price.,1
UI is a mess PineLabs support. packaging feels solid. bakwaas packaging packaging PineLabs PineLabs packaging support packaging PineLabs PineLabs PineLabs support PineLabs packaging packaging,0
tbh documentation is clear ByteWorks e-bike ‚Äî gps is great‚Ä¶ üíØ,1
honestly Acme graphics card: worth every rupee; esp. gps. graphics card gps gps Acme,1
rock solid PineLabs router ‚Äî charging is amazing!!! #mustbuy jugaad PineLabs router router PineLabs router router PineLabs,1
honestly JaguarX keyboard: battery life is amazing; esp. delivery!! keyboard,1
honestly rock solid DeviLabs power bank ‚Äî display is great. display DeviLabs DeviLabs power bank power bank display display,1
pleasant surprise Qubitron tablet. wifi feels great. wifi,1
buggy and slow e-bike from OrionTech. battery got better out of the box. ü•¥ battery battery battery e-bike battery battery,0
rock solid e-bike from NovaCore. stability got better after the latest patch. üöÄ e-bike stability e-bike stability,1
elegant design Zenxel update. packaging feels great. Zenxel packaging update packaging update update,1
laggy to the point of useless router fom ByteWorks. build got beter out of the box. router ByteWorks router router build build ByteWorks buld,0
Banyan update: superb quality; esp. pairing. update Banyan pairing Banyan update pairing Banyan Banyan Banyan update Banyan update update update pairing update,1
frankly superb qaulity Ace app ‚Äî battery is soli. battrey app app,1
highly recommend PineLabs camera ‚Äî delivery is ok. delivery delivery camera delivery delivery delivery camera camera delivery delivery camera delivery delivery camera delivery PineLabs delivery camera delivery,1
waste of money streaming stick from Qubitron. design got better for the price. Qubitron streaming stick design design Qubitron streaming stick streaming stick streaming stick Qubitron streaming stick design design Qubitron Qubitron design,0
DeviLabs streaming stick: updates keep improving it; esp. stability. bakwaas stability stability stability streaming stick DeviLabs streaming stick stability streaming stick streaming stick DeviLabs stability,1
worth every rupee app from OrionTech. firmware got better ! app,1
updates keep improving it earbuds from ByteWorks. firmware got better .,1
PineLabs app: buggy and slow; esp. bluetooth. #buggy yaar PineLabs app bluetooth bluetooth bluetooth app app PineLabs PineLabs PineLabs bluetooth PineLabs PineLabs bluetooth app bluetooth PineLabs,0
frankly highly recommend NovaCore laptop ‚Äî display is amazing.,1
setup was a nightmare earbuds from DeviLabs. build got better this week!!! üò§ build DeviLabs build,0
really disappointed laptop from Qubitron. latency got better this week. Qubitron latency laptop Qubitron Qubitron laptop latency Qubitron Qubitron latency Qubitron Qubitron Qubitron Qubitron latency Qubitron Qubitron Qubitron,0
does not work PineLabs streaming stick. latency feels great!!! paisa-vasool streaming stick latency latency,0
OrionTech update: never again; esp. microphone. microphone OrionTech microphone update microphone update OrionTech OrionTech microphone OrionTech microphone OrionTech update microphone microphone microphone,0
surprisingly good Qubitron streaming stick. display feels bad. Qubitron streaming stick Qubitron Qubitron streaming stick display display Qubitron display Qubitron streaming stick display Qubitron streaming stick Qubitron Qubitron Qubitron streaming stick Qubitron streaming stick,1
camera is blurry drone from SkyLeaf. build got better this week. drone drone build build,0
overall Zenxel app: unreliable; esp. display. display display Zenxel app display display app Zenxel display display,0
smooth and reliable Qubitron graphics card. charging feels solid. üíØ graphics card graphics card graphics card graphics card Qubitron charging charging charging graphics card Qubitron charging graphics card graphics card graphics card charging graphics card,1
audio is muffled OrionTech keyboard. display feels great. OrionTech keyboard display,0
laggy to the point of useless Zenxel smartwatch. firmware feels great. Zenxel firmware Zenxel smartwatch Zenxel smartwatch firmware firmware,0
never again monitor from Banyan. heart-rate got better out of the box. Banyan,0
Aster camera: firmware made it worse; esp. noise-cancel. Aster noise-cancel camera noise-cancel camera noise-cancel noise-cancel Aster Aster,0
never again e-bike from NovaCore. delivery got better on sale.,0
to be fair latency is near zero KiteX action cam ‚Äî build is great. action cam KiteX KiteX build action cam KiteX KiteX action cam KiteX KiteX KiteX build build action cam,1
tbh Aster keyboard: firmware made it worse; esp. bluetooth.,0
smooth and reliable router from BluePeak. gps got better out of the box. BluePeak gps gps gps gps BluePeak BluePeak BluePeak BluePeak,1
returned it the net day update from JaguarX. display got better on sale.,0
honestly KiteX monitor: broken out of the box; esp. packaging. KiteX packaging packaging packaging packaging KiteX monitor KiteX monitor KiteX monitor packaging packaging monitor monitor,0
UI feels intuitive ByteWorks tablet. firmware feels terrible!? ByteWorks tablet tablet tablet ByteWorks ByteWorks tablet firmware firmware ByteWorks tablet tablet firmware tablet,1
buggy and slow smartwatch from NovaCore. microphone got better this week.,0
top-notch Zenxel action cam. firmware feels terrible. action cam Zenxel action cam action cam action cam Zenxel firmware Zenxel Zenxel action cam firmware Zenxel firmware Zenxel firmware action cam action cam Zenxel firmware,1
to be fair Qubitron earbuds: worth every rupee; esp. display. display display Qubitron,1
highly recommend e-bike from Qubitron. wifi got better on sale.,1
impressive results ByteWorks drone ‚Äî microphone is ok. timepass drone drone microphone microphone drone ByteWorks ByteWorks drone drone microphone ByteWorks ByteWorks ByteWorks microphone drone ByteWorks,1
poor quality drone from DeviLabs. build got better this week. DeviLabs drone drone DeviLabs drone drone drone DeviLabs drone build DeviLabs drone drone build drone drone drone DeviLabs,0
frankly camera is outstanding DeviLabs support ‚Äî wifi is solid. wifi DeviLabs DeviLabs wifi DeviLabs wifi wifi support DeviLabs support support support DeviLabs,1
setup was effortless Qubitron laptop. firmware feels ok. firmware Qubitron firmware laptop firmware laptop firmware firmware Qubitron firmware laptop,1
frankly awful build OrionTech smartwatch ‚Äî stability is amazing.,0
honestly impressive results KiteX router ‚Äî heart-rate is bad. ‚ú®,1
frankly elegant design Qubitron laptop ‚Äî charging is bad. laptop laptop charging charging laptop charging laptop Qubitron charging laptop Qubitron charging laptop,1
seamless integration KiteX graphics card. keyboard feels ok. üëç KiteX keyboard keyboard KiteX KiteX keyboard KiteX keyboard graphics card keyboard KiteX KiteX keyboard,1
overall waste of money ByteWorks support ‚Äî display is bad. ByteWorks ByteWorks display support ByteWorks display display display ByteWorks display ByteWorks,0
does not work tablet from MangoByte. latency got better after the latest patch. #smooth latency latency latency tablet tablet,0
one star PineLabs action cam. design feels terrible. #mustbuy design PineLabs PineLabs,0
buggy and slow e-bike from BluePeak. heart-rate got better on sale. BluePeak BluePeak BluePeak BluePeak BluePeak heart-rate e-bike heart-rate heart-rate,0
to be fair DeviLabs monitor: fell shhort of expectations; es. heart-rat. heart-rate monitoor DeviLbas DeviLabs hear-trate heat-rate DeviLabbs heart-rate monitro monitoor monitor monitr,0
frankly support never replied Banyan graphics card ‚Äî display is bad.,0
awful build Acme e-bike. heart-rate feels solid. Acme heart-rate,0
overall Aster drone: cheap materials; esp. battery. drone drone,0
to be fair BluePeak headphones: awful build; esp. bluetooth‚Ä¶ headphones BluePeak BluePeak bluetooth headphones bluetooth BluePeak headphones headphones bluetooth bluetooth BluePeak headphones BluePeak,0
frankly poor quality BluePeak headphones ‚Äî keyboard is bad. üò° jugaad headphones BluePeak headphones BluePeak keyboard BluePeak keyboard headphones headphones headphones keyboard BluePeak headphones keyboard BluePeak keyboard,0
frankly absolutely loved it PineLabs tablet ‚Äî heart-rate is terrible. PineLabs PineLabs PineLabs tablet heart-rate heart-rate tablet tablet tablet heart-rate tablet heart-rate tablet,1
updates keep improving it streaming stick from OrionTech. wifi got better . OrionTech wifi OrionTech OrionTech OrionTech,1
will buy again camera from SkyLeaf. wifi got better on sale. SkyLeaf camera wifi SkyLeaf camera SkyLeaf camera SkyLeaf SkyLeaf SkyLeaf SkyLeaf,1
to be fair BluePeak action cam: documentation is clear; esp. display!? display display action cam display action cam BluePeak BluePeak BluePeak display display action cam action cam,1
frankly surprisingly good NovaCore update ‚Äî firmware is terrible. üëç,1
camera is outstanding OrionTech smartwatch. display feels bad. smartwatch display smartwatch,1
does not work SkyLeaf e-bike. microphone feels bad. e-bike microphone,0
MangoByte headphones: buggy and slow; esp. delivery. delivery delivery headphones headphones headphones MangoByte MangoByte MangoByte MangoByte delivery delivery,0
overall ByteWorks graphics card: top-notch; esp. keyboard!? keyboard keyboard graphics card keyboard ByteWorks graphics card keyboard ByteWorks graphics card ByteWorks graphics card keyboard ByteWorks keyboard ByteWorks ByteWorks keyboard ByteWorks graphics card keyboard,1
OrionTech router: confusing and clunky; esp. pairing. üò§,0
to be fair MangoByte laptop: five stars; esp. charging.,1
broken out of the box power bannk from SkyLeaf. noise-cancel got better out of the box.,0
honestly not worth the price Qubitron laptop ‚Äî noise-cancel is terrible. https://example.com Qubitron noise-cancel laptop laptop Qubitron laptop laptop Qubitron laptop laptop laptop noise-cancel laptop noise-cancel Qubitron Qubitron,0
tbh rock solid DeviLabs camera ‚Äî microphone is terrible. microphone camera microphone,1
UI feels intuitive PineLabs keyboard. stability feels ok. stability keyboard PineLabs keyboard PineLabs stability stability keyboard PineLabs keyboard PineLabs stability keyboard,1
impressive results headphones from ByteWorks. firmware got better !!!,1
tbh Zenxel graphics card: latency is near zero; esp. stability. https://example.com graphics card stability stability Zenxel Zenxel stability graphics card graphics card Zenxel stability Zenxel Zenxel stability Zenxel stability,1
BluePeak tablet: broken out of the box; esp. wifi. tablet BluePeak wifi tablet BluePeak tablet tablet BluePeak wifi wifi wifi tablet BluePeak wifi,0
honestly laggy to the point of useless Acme keyboard ‚Äî stability is great. Acme Acme Acme stability Acme keyboard keyboard Acme stability Acme Acme stability,0
frankly laggy to the point of useless Acme app ‚Äî battery is solid. Acme Acme Acme Acme battery app app app,0
to be fair BluePeak earbuds: latency is near zero; esp. display. https://example.com earbuds earbuds display BluePeak,1
honestly MangoByte tablet: beats the competition; esp. design. MangoByte tablet MangoByte design tablet MangoByte design tablet design,1
terrible experience ByteWorks printer. pairing feels great. ByteWorks printer ByteWorks printer ByteWorks pairing printer pairing pairing printer pairing printer ByteWorks printer,0
overall documentation is clear KiteX tablet ‚Äî latency is great. latency KiteX latency latency KiteX KiteX tablet latency,1
beats the competition DeviLabs drone. display feels ok. display display drone drone drone display display display display DeviLabs,1
documentation is clear JaguarX update. battery feels great. update battery battery JaguarX JaguarX update update update update update battery,1
buggy and slow Zenxel app ‚Äî stability is great.,0
tbh Qubitron keyboard: laggy to the point of useless; esp. wifi. wifi,0
frankly smooth and reliable Zenxel monitor ‚Äî delivery is great. delivery monitor delivery Zenxel monitor delivery delivery delivery monitor Zenxel monitor delivery Zenxel,1
fell short of expectations ByteWorks camera. pairing feels ok. camera pairing pairing pairing pairing pairing ByteWorks pairing pairing pairing ByteWorks ByteWorks pairing pairing ByteWorks ByteWorks ByteWorks ByteWorks camera,0
camera is outstanding power bank from MangoByte. noise-cancel got better this week. noise-cancel MangoByte,1
tbh keeps crashing DeviLabs app ‚Äî build is amazing. DeviLabs DeviLabs build app DeviLabs DeviLabs DeviLabs DeviLabs,0
great value for money keyboard from MangoByte. firmware got better out of the box. firmware firmware MangoByte,1
awful build Banyan camera. keyboard feels solid!? ü•¥,0
honestly setup was a nightmare BluePeak fitness band ‚Äî design is solid‚Ä¶,0
highly recommend earbuds from Zenxel. bluetooth got better this week.,1
highly recommend app from KiteX. bluetooth got better for the price.,1
overall keeps crashing OrionTech support ‚Äî build is great.,0
keeps crashing MangoByte app ‚Äî microphone is amazing. MangoByte microphone microphone app MangoByte microphone MangoByte microphone MangoByte MangoByte MangoByte app app microphone MangoByte microphone,0
to be fair Banyan router: camera is outstanding; esp. microphone. mast microphone router Banyan microphone Banyan microphone microphone Banyan microphone router router microphone microphone microphone router microphone,1
audio is muffled graphics card from Acme. stability got better .,0
tbh sound is crisp and clear Zenxel fitness band ‚Äî bluetooth is amazing.,1
tbh sound is crisp and clear PineLabs headphones ‚Äî heart-rate is amazing. PineLabs,1
tbh BluePeak smartwatch: returned it the next day; esp. microphone. BluePeak microphone BluePeak microphone BluePeak smartwatch BluePeak microphone BluePeak,0
exactly what I needed Acme headphones. charging feels bad. headphones headphones charging Acme headphones charging headphones Acme Acme Acme charging charging Acme Acme headphones Acme Acme,1
honestly PineLabs e-bike: will buy again; esp. microphone.,1
customer support was excellent graphics card from PineLabs. charging got better . charging graphics card graphics card PineLabs graphics card graphics card graphics card PineLabs PineLabs PineLabs graphics card,1
tbh poor quality DeviLabs support ‚Äî firmware is terrible.,0
cheap materials Banyan app. keyboard feels great. keyboard Banyan keyboard keyboard app keyboard app keyboard keyboard Banyan keyboard keyboard Banyan keyboard Banyan Banyan keyboard,0
cheap materials power bank from Aster. firmware got better after the latest patch.,0
worth every rupee BluePeak earbuds. build feels ok. #fail https://example.com earbuds build earbuds earbuds earbuds earbuds build build earbuds earbuds BluePeak build build BluePeak,1
to be fair laggy to the point of useless Aster camera ‚Äî wifi is amazing. Aster Aster wifi Aster Aster Aster Aster Aster camera Aster wifi,0
SkyLeaf monitor: false advertising; esp. design. SkyLeaf SkyLeaf SkyLeaf monitor SkyLeaf design monitor SkyLeaf monitor monitor monitor,0
tbh fell short of expectations JaguarX headphones ‚Äî pairing is amazing. JaguarX pairing headphones JaguarX JaguarX pairing pairing,0
buggy and slow BluePeak printer. keyboard feels bad. printer BluePeak keyboard printer printer printer printer keyboard printer BluePeak BluePeak printer keyboard printer keyboard BluePeak keyboard keyboard printer,0
delightful Qubitron printer. bluetooth feels bad. Qubitron Qubitron bluetooth Qubitron bluetooth printer,1
tbh overheats quickly KiteX action cam ‚Äî keyboard is bad.,0
setup was effortless KiteX smartwatch. heart-rate feels bad. ‚ú® jugaad heart-rate smartwatch KiteX heart-rate smartwatch heart-rate smartwatch heart-rate KiteX heart-rate heart-rate KiteX KiteX KiteX,1
honestly setup was a nightmare ByteWorks streaming stick ‚Äî build is terrible.,0
honestly laggy to the point of useless OrionTech earbuds ‚Äî noise-cancel is terrible.,0
battery drains fast app from PineLabs. pairing got better after the latest patch. pairing pairing pairing app app PineLabs PineLabs PineLabs pairing PineLabs pairing,0
tbh rock solid PineLabs drone ‚Äî heart-rate is bad. üòç,1
to be faair UI feels intuitive Zenel roter ‚Äî buuild is great. https://exammple.com,1
to be fair worth every rupee DeviLabs monitor ‚Äî stability is solid. monitor stability monitor monitor stability monitor stability stability stability stability monitor stability monitor,1
exactly what I needed OrionTech update. bluetooth feels ok.,1
top-notch Zenxel fitness band. noise-cancel feels solid. Zenxel fitness band Zenxel noise-cancel Zenxel,1
frankly ByteWorks camera: five stars; esp. firmware.,1
overheats quickly SkyLeaf smartwatch ‚Äî charging is amazing!!! charging SkyLeaf SkyLeaf smartwatch SkyLeaf SkyLeaf SkyLeaf smartwatch SkyLeaf charging charging SkyLeaf charging smartwatch charging,0
smooth and reliable router from DeviLabs. build got better for the price. router DeviLabs DeviLabs DeviLabs DeviLabs,1
does not work KiteX streaming stick. build feels terrible. https://example.com streaming stick streaming stick build build KiteX streaming stick KiteX build streaming stick build streaming stick KiteX streaming stick build KiteX streaming stick build,0
waste of money Aster update. delivery feels amazing. delivery update delivery update Aster Aster update,0
highly recommend graphics card from OrionTech. heart-rate got better on sale. heart-rate graphics card graphics card OrionTech OrionTech graphics card heart-rate,1
firmware made it worse MangoByte app. noise-cancel feels amazing.,0
great value for money graphics card from JaguarX. latency got better this week. graphics card,1
overall one star Zenxel printer ‚Äî microphone is bad. https://example.com printer microphone printer microphone printer,0
frankly battery life is amazing NovaCore keyboard ‚Äî wifi is bad.,1
impressive results Zenxel keyboard ‚Äî battery is great. üòç battery keyboard keyboard keyboard keyboard keyboard keyboard Zenxel battery keyboard Zenxel battery Zenxel battery Zenxel battery keyboard,1
updates keep improving it Acme e-bike. battery feels great!!! https://example.com e-bike Acme Acme battery e-bike Acme e-bike,1
tbh laggy to the point of useless Acme fitness band ‚Äî noise-cancel is amazing.,0
a big letdown Banyan monitor ‚Äî battery is bad.,0
will buy again DeviLabs app. bluetooth feels solid. bluetooth DeviLabs app bluetooth DeviLabs app app app bluetooth app bluetooth app bluetooth bluetooth bluetooth DeviLabs,1
buggy and slow router from BluePeak. wifi got better this week. #worthit router router BluePeak BluePeak wifi router BluePeak wifi BluePeak wifi wifi wifi wifi,0
battery life is amazing NovaCore drone. wifi feels amazing. ‚úÖ https://example.com drone NovaCore drone,1
fantastic experience JaguarX monitor ‚Äî charging is solid. monitor JaguarX monitor charging charging charging charging charging monitor charging JaguarX monitor charging JaguarX,1
broken out of the box power bank from ByteWorks. microphone got better . ByteWorks power bank microphone microphone ByteWorks ByteWorks power bank,0
oveerall DeviLabs earbuds: really disappointe; ep. latenyc. earbds DeviLasb latency latency DeviLabs earbuds latency lattency Deviabs latency ltaency earbuds DeviLabs DeviLabs DeviLabs DeviLabs latency latnecy DeviLabs latency,0
setup was a nightmare MangoByte tablet. wifi feels terrible. tablet tablet tablet,0
KiteX camera: buggy and slow; esp. charging. KiteX charging camera camera camera charging camera KiteX camera KiteX KiteX,0
never again DeviLabs drone. display feels amazing!? display DeviLabs drone drone DeviLabs DeviLabs display drone DeviLabs display DeviLabs DeviLabs display,0
poor qualiy SkyLeaf keyboardd. packaging feels bad!! keyboard paackaging keybord SkyLeaf packaging packkaging keyboard SkyLeaf packaging keyboard packaaging,0
never again update from Zenxel. pairing got better after the latest patch. Zenxel,0
tbh PineLabs support: a big letdown; esp. stability. support PineLabs support PineLabs stability PineLabs PineLabs stability PineLabs PineLabs support support PineLabs stability PineLabs PineLabs stability support PineLabs,0
never again monitor from Zenxel. stability got better this week. https://example.com monitor,0
to be fair ByteWorks printer: false advertising; esp. microphone.,0
superb quality DeviLabs keyboard. build feels solid. DeviLabs DeviLabs keyboard keyboard keyboard build keyboard DeviLabs build DeviLabs build build DeviLabs DeviLabs keyboard keyboard keyboard build keyboard,1
honestly sound is crisp and clear MangoByte graphics card ‚Äî packaging is ok.,1
customer support was excellent camera from Aster. display got better after the latest patch. üî•,1
firmware made it worse app from Banyan. bluetooth got better this week. #worthit Banyan Banyan bluetooth,0
tbh DeviLabs app: exceeded my expectations; esp. charging. DeviLabs DeviLabs charging DeviLabs DeviLabs DeviLabs,1
highly recommend MangoByte update. pairing feels bad!? thik-thak pairing pairing update update MangoByte update MangoByte update update update update update update pairing pairing update update pairing update update,1
poor quality earbuds from ByteWorks. wifi got better on sale. ByteWorks ByteWorks ByteWorks ByteWorks wifi earbuds ByteWorks earbuds earbuds wifi ByteWorks earbuds wifi,0
tbh audio is muffled OrionTech router ‚Äî pairing is solid. router OrionTech OrionTech pairing router router OrionTech pairing pairing OrionTech OrionTech pairing,0
to be fair broken out of the box MangoByte keyboard ‚Äî delivery is amazing. MangoByte MangoByte keyboard delivery MangoByte keyboard delivery MangoByte MangoByte MangoByte keyboard keyboard MangoByte,0
laggy to the point of useless earbuds from Qubitron. latency got better this week!? https://example.com latency latency latency Qubitron,0
battery life is amazing action cam from Aster. packaging got better for the price.,1
waste of money Zenxel streaming stick. noise-cancel feels great. Zenxel Zenxel streaming stick streaming stick streaming stick streaming stick noise-cancel noise-cancel,0
setup was a nightmare fitness band from Zenxel. packaging got better for the price.,0
audio is muffled support from SkyLeaf. charging got better after the latest patch. support charging charging charging SkyLeaf support,0
